{"cameraMode":{"drawMode":0,"name":"Shaded","section":"Shading Mode"},"sceneLighting":true,"audioPlay":false,"sceneViewState":{"m_AlwaysRefresh":false,"showFog":true,"showSkybox":true,"showFlares":true,"showImageEffects":true,"showParticleSystems":true,"showVisualEffectGraphs":true,"m_FxEnabled":true},"in2DMode":false,"pivot":{"x":-0.7388186454772949,"y":0.06684422492980957,"z":0.7933303117752075},"rotation":{"x":-0.16359996795654298,"y":0.7371131777763367,"z":-0.19239045679569245,"w":-0.6268062591552734},"size":3.9073946475982668,"orthographic":false}