{"cameraMode":{"drawMode":0,"name":"Shaded","section":"Shading Mode"},"sceneLighting":true,"audioPlay":false,"sceneViewState":{"m_AlwaysRefresh":false,"showFog":true,"showSkybox":true,"showFlares":true,"showImageEffects":true,"showParticleSystems":true,"showVisualEffectGraphs":true,"m_FxEnabled":true},"in2DMode":false,"pivot":{"x":1.431002140045166,"y":3.4306578636169435,"z":-6.450272560119629},"rotation":{"x":0.15348146855831147,"y":0.35576221346855166,"z":-0.05935298651456833,"w":0.9199768304824829},"size":6.123724460601807,"orthographic":false}