{"cameraMode":{"drawMode":0,"name":"Shaded","section":"Shading Mode"},"sceneLighting":true,"audioPlay":false,"sceneViewState":{"m_AlwaysRefresh":false,"showFog":true,"showSkybox":true,"showFlares":true,"showImageEffects":true,"showParticleSystems":true,"showVisualEffectGraphs":true,"m_FxEnabled":true},"in2DMode":false,"pivot":{"x":1311.4239501953125,"y":602.2264404296875,"z":-243.80386352539063},"rotation":{"x":-0.23520208895206452,"y":0.14859817922115327,"z":-0.03641263768076897,"w":-0.9598347544670105},"size":0.7076073288917542,"orthographic":false}